{
  "n_obs": 120.0,
  "n_breaches": 3.0,
  "breach_rate": 0.025,
  "portfolio_exception_clusters": 3.0,
  "kupiec_lr": 1.925155912640431,
  "kupiec_pvalue": 0.16528938816877958,
  "christoffersen_lr": 0.15518971617976973,
  "christoffersen_pvalue": 0.6936244074325746,
  "n00": 113.0,
  "n01": 3.0,
  "n10": 3.0,
  "n11": 0.0,
  "portfolio_cvar_breach_rate": 0.008333333333333333,
  "mean_absolute_net_exposure": 0.0,
  "mean_gross_exposure": 1.0,
  "asset_fit_convergence_rate": 1.0,
  "asset_fit_fallback_rate": 0.0,
  "mean_persistence": 0.9308632052493299,
  "mean_optimizer_iterations": 3.71,
  "evt_usage_rate": 1.0
}