{
  "n_obs": 252.0,
  "n_breaches": 4.0,
  "breach_rate": 0.015873015873015872,
  "portfolio_exception_clusters": 4.0,
  "kupiec_lr": 0.7450809522744137,
  "kupiec_pvalue": 0.38803811336037564,
  "christoffersen_lr": 0.09697299518612112,
  "christoffersen_pvalue": 0.7554928495158948,
  "n00": 244.0,
  "n01": 3.0,
  "n10": 4.0,
  "n11": 0.0,
  "portfolio_cvar_breach_rate": 0.007936507936507936,
  "mean_absolute_net_exposure": 0.0,
  "mean_gross_exposure": 1.0,
  "asset_fit_convergence_rate": 1.0,
  "asset_fit_fallback_rate": 0.0,
  "mean_persistence": 0.9180008202433904,
  "mean_optimizer_iterations": 15.654761904761905,
  "evt_usage_rate": 1.0
}