{
  "n_obs": 252.0,
  "n_breaches": 2.0,
  "breach_rate": 0.007936507936507936,
  "portfolio_exception_clusters": 2.0,
  "kupiec_lr": 0.1166362183087557,
  "kupiec_pvalue": 0.7327118118255171,
  "christoffersen_lr": 0.016032171439032794,
  "christoffersen_pvalue": 0.8992425824026212,
  "n00": 248.0,
  "n01": 1.0,
  "n10": 2.0,
  "n11": 0.0,
  "portfolio_cvar_breach_rate": 0.003968253968253968,
  "mean_absolute_net_exposure": 0.0,
  "mean_gross_exposure": 1.0,
  "asset_fit_convergence_rate": 1.0,
  "asset_fit_fallback_rate": 0.0,
  "mean_persistence": 0.9072173235707972,
  "mean_optimizer_iterations": 15.655555555555555,
  "evt_usage_rate": 1.0
}