{
  "n_obs": 60.0,
  "n_breaches": 1.0,
  "breach_rate": 0.016666666666666666,
  "portfolio_exception_clusters": 1.0,
  "kupiec_lr": 0.2243509169121598,
  "kupiec_pvalue": 0.6357445491061688,
  "christoffersen_lr": 0.03448446724431875,
  "christoffersen_pvalue": 0.8526800763716714,
  "n00": 57.0,
  "n01": 1.0,
  "n10": 1.0,
  "n11": 0.0,
  "portfolio_cvar_breach_rate": 0.0,
  "mean_absolute_net_exposure": 0.0,
  "mean_gross_exposure": 1.0,
  "asset_fit_convergence_rate": 1.0,
  "asset_fit_fallback_rate": 0.0,
  "mean_persistence": 0.9594260708126796,
  "mean_optimizer_iterations": 4.705555555555556,
  "evt_usage_rate": 1.0
}