model,n_obs,n_breaches,breach_rate,portfolio_exception_clusters,kupiec_pvalue,christoffersen_pvalue,portfolio_cvar_breach_rate,asset_fit_convergence_rate,asset_fit_fallback_rate,mean_gross_exposure,mean_absolute_net_exposure,evt_usage_rate
garch_baseline,60.0,5.0,0.08333333333333333,4.0,0.00035850743664811446,0.299594082394501,0.08333333333333333,0.8633333333333333,0.13666666666666666,1.0,0.0,0.9933333333333333
gjr_custom,60.0,1.0,0.016666666666666666,1.0,0.6357445491061688,0.8526800763716714,0.016666666666666666,1.0,0.0,1.0,0.0,1.0
