{
  "n_obs": 252.0,
  "n_breaches": 8.0,
  "breach_rate": 0.031746031746031744,
  "portfolio_exception_clusters": 8.0,
  "kupiec_lr": 7.644185376520696,
  "kupiec_pvalue": 0.005695561131296212,
  "christoffersen_lr": 0.5268441648971418,
  "christoffersen_pvalue": 0.4679366682502756,
  "n00": 235.0,
  "n01": 8.0,
  "n10": 8.0,
  "n11": 0.0,
  "portfolio_cvar_breach_rate": 0.011904761904761904,
  "mean_absolute_net_exposure": 0.0,
  "mean_gross_exposure": 1.0,
  "asset_fit_convergence_rate": 1.0,
  "asset_fit_fallback_rate": 0.0,
  "mean_persistence": 0.9381267167819587,
  "mean_optimizer_iterations": 34.25529100529101,
  "evt_usage_rate": 1.0,
  "mean_copula_avg_abs_correlation": 0.5121184705476286,
  "mean_copula_max_abs_correlation": 0.8874837554336877,
  "mean_copula_lower_tail_dependence": 0.014392063492063494
}