{
  "n_obs": 60.0,
  "n_breaches": 5.0,
  "breach_rate": 0.08333333333333333,
  "portfolio_exception_clusters": 4.0,
  "kupiec_lr": 12.736920837026787,
  "kupiec_pvalue": 0.00035850743664811446,
  "christoffersen_lr": 1.0760001219103472,
  "christoffersen_pvalue": 0.299594082394501,
  "n00": 51.0,
  "n01": 3.0,
  "n10": 4.0,
  "n11": 1.0,
  "portfolio_cvar_breach_rate": 0.08333333333333333,
  "mean_absolute_net_exposure": 0.0,
  "mean_gross_exposure": 1.0,
  "asset_fit_convergence_rate": 0.8633333333333333,
  "asset_fit_fallback_rate": 0.13666666666666666,
  "mean_persistence": 0.712609840639261,
  "mean_optimizer_iterations": 22.713333333333335,
  "evt_usage_rate": 0.9933333333333333
}