{
  "n_obs": 252.0,
  "n_breaches": 5.0,
  "breach_rate": 0.01984126984126984,
  "portfolio_exception_clusters": 5.0,
  "kupiec_lr": 1.9165250843149977,
  "kupiec_pvalue": 0.16624023954521094,
  "christoffersen_lr": 0.20326602920623316,
  "christoffersen_pvalue": 0.6520974168479388,
  "n00": 241.0,
  "n01": 5.0,
  "n10": 5.0,
  "n11": 0.0,
  "portfolio_cvar_breach_rate": 0.003968253968253968,
  "mean_absolute_net_exposure": 0.0,
  "mean_gross_exposure": 1.0,
  "asset_fit_convergence_rate": 1.0,
  "asset_fit_fallback_rate": 0.0,
  "mean_persistence": 0.9415098375545158,
  "mean_optimizer_iterations": 15.768518518518519,
  "evt_usage_rate": 1.0
}