{
  "n_obs": 120.0,
  "n_breaches": 1.0,
  "breach_rate": 0.008333333333333333,
  "portfolio_exception_clusters": 1.0,
  "kupiec_lr": 0.035693397962489826,
  "kupiec_pvalue": 0.8501500594233184,
  "christoffersen_lr": 0.0169493554251563,
  "christoffersen_pvalue": 0.8964163512150056,
  "n00": 117.0,
  "n01": 1.0,
  "n10": 1.0,
  "n11": 0.0,
  "portfolio_cvar_breach_rate": 0.008333333333333333,
  "mean_absolute_net_exposure": 0.0,
  "mean_gross_exposure": 1.0,
  "asset_fit_convergence_rate": 1.0,
  "asset_fit_fallback_rate": 0.0,
  "mean_persistence": 0.914433725614252,
  "mean_optimizer_iterations": 35.37,
  "evt_usage_rate": 1.0,
  "mean_copula_avg_abs_correlation": 0.498988638961178,
  "mean_copula_max_abs_correlation": 0.8336300364079634,
  "mean_copula_lower_tail_dependence": 0.015893333333333336
}